,Date,PRICECATEGORY,Max of TOTALDEMAND,Time,Minimum temperature (째C),Maximum temperature (째C),Rainfall (mm),Evaporation (mm),Sunshine (hours),Direction of maximum wind gust ,Speed of maximum wind gust (km/h),Time of maximum wind gust,9am Temperature (째C),9am relative humidity (%),9am cloud amount (oktas),9am wind direction,9am wind speed (km/h),9am MSL pressure (hPa),3pm Temperature (째C),3pm relative humidity (%),3pm cloud amount (oktas),3pm wind direction,3pm wind speed (km/h),3pm MSL pressure (hPa)
0,2021-01-01,0,5019.64,17:30:00,15.6,29.9,0.0,2.8,9.3,NNE,31.0,13:14,19.2,77.0,6,N,2.0,1018.8,28.1,43,5.0,E,13,1015.3
1,2021-01-02,0,4964.35,17:00:00,18.4,29.0,0.0,9.4,1.3,NNW,30.0,8:22,23.3,52.0,7,NNW,17.0,1013.3,28.7,38,7.0,SW,4,1008.5
2,2021-01-03,0,4503.31,18:30:00,17.0,26.2,12.6,4.8,7.1,WSW,33.0,17:55,18.3,100.0,8,WSW,4.0,1007.7,23.5,59,4.0,SSW,2,1005.2
3,2021-01-04,0,4764.18,18:30:00,16.0,18.6,2.6,3.8,0.0,SSE,41.0,16:03,16.2,98.0,8,SSE,11.0,1010.0,18.2,82,8.0,SSW,17,1011.0
4,2021-01-05,0,4800.64,17:00:00,15.9,19.1,11.2,1.0,0.0,SSE,35.0,11:02,17.2,96.0,8,SSE,13.0,1012.5,18.2,82,8.0,SSE,19,1013.3
5,2021-01-06,0,4691.13,19:30:00,13.7,19.2,1.2,1.0,3.2,S,35.0,14:56,15.2,72.0,7,S,11.0,1020.0,18.1,63,7.0,SSW,17,1020.0
6,2021-01-07,0,4994.78,19:00:00,14.7,25.7,0.0,3.6,12.1,SSE,44.0,13:21,18.6,70.0,4,SSE,13.0,1023.9,24.3,46,4.0,SSE,20,1022.0
7,2021-01-08,0,5365.19,18:30:00,12.7,24.3,0.0,9.8,13.1,SSW,31.0,15:04,18.6,59.0,1,NE,6.0,1024.8,23.1,53,1.0,SSW,11,1022.2
8,2021-01-09,1,5863.37,18:30:00,14.2,27.9,0.0,7.0,12.9,NNW,30.0,9:46,19.7,69.0,1,NNE,11.0,1022.0,24.4,59,2.0,SSW,11,1019.3
9,2021-01-10,1,6859.02,18:30:00,16.9,33.5,0.0,8.0,9.6,E,24.0,19:16,19.3,85.0,8,NNE,6.0,1020.4,26.7,60,1.0,SW,11,1015.9
10,2021-01-11,1,8182.55,17:30:00,19.2,36.7,0.0,10.8,9.8,N,52.0,14:55,29.4,32.0,2,NNE,15.0,1012.3,35.2,21,7.0,N,20,1008.5
11,2021-01-12,0,5349.3,18:30:00,18.3,21.6,0.0,13.6,7.7,SSW,41.0,15:01,18.7,69.0,8,S,13.0,1016.3,20.1,60,1.0,SSW,17,1015.8
12,2021-01-13,1,6522.49,17:00:00,14.5,27.0,0.0,6.2,7.5,W,41.0,21:58,17.9,66.0,3,ESE,4.0,1013.5,25.7,52,7.0,WSW,6,1008.4
13,2021-01-14,1,5257.95,19:00:00,15.0,22.2,0.0,7.0,8.0,W,31.0,23:23,16.6,77.0,7,SW,7.0,1013.9,20.6,46,6.0,SSW,9,1013.1
14,2021-01-15,0,4742.85,20:30:00,13.2,20.6,0.0,7.0,7.9,WSW,50.0,14:49,16.4,53.0,4,NW,9.0,1009.0,16.6,46,7.0,WNW,13,1009.0
15,2021-01-16,0,4529.66,20:00:00,11.0,20.1,2.6,6.8,3.7,,34.4,,15.7,66.0,7,W,13.0,1013.9,18.1,54,7.0,W,13,1014.1
16,2021-01-17,1,4473.05,20:30:00,12.9,20.2,0.0,5.6,10.7,SSW,30.0,12:19,15.0,62.0,7,WSW,13.0,1018.9,19.2,49,6.0,S,13,1018.2
17,2021-01-18,0,4895.82,19:00:00,14.1,22.6,0.0,5.6,9.0,SSW,39.0,15:53,15.9,76.0,7,WSW,9.0,1018.1,20.6,58,2.0,S,19,1016.2
18,2021-01-19,0,4816.53,20:30:00,14.2,18.9,0.0,8.0,9.9,S,41.0,13:57,15.8,52.0,7,SSE,15.0,1023.5,17.7,50,1.0,S,19,1023.7
19,2021-01-20,1,5291.48,19:30:00,10.3,22.6,0.0,8.0,13.0,SSW,33.0,15:22,16.4,53.0,1,SE,11.0,1024.2,20.9,51,0.0,SSW,15,1020.2
20,2021-01-21,1,7046.57,18:30:00,12.7,31.6,0.0,7.6,12.5,SSW,22.0,11:59,16.8,73.0,7,N,11.0,1016.3,29.6,37,5.0,SW,7,1010.3
21,2021-01-22,1,5954.97,18:00:00,15.8,25.0,0.0,9.0,11.4,S,35.0,16:47,20.2,52.0,7,S,11.0,1009.7,23.3,59,3.0,SSW,13,1009.9
22,2021-01-23,1,6220.45,18:30:00,14.7,26.7,0.0,7.4,11.6,S,30.0,14:42,18.3,72.0,2, ,0.0,1013.1,22.7,63,0.0,SW,13,1010.9
23,2021-01-24,1,8050.72,18:30:00,16.1,37.8,0.0,8.8,8.1,SSW,17.0,14:58,22.5,67.0,1,ENE,6.0,1010.9,33.6,37,7.0,SSW,6,1007.0
24,2021-01-25,2,8196.83,12:30:00,22.2,39.2,0.0,13.8,3.5,W,54.0,15:37,30.9,25.0,5,N,13.0,1001.3,26.6,47,7.0,WSW,11,999.6
25,2021-01-26,0,4804.58,00:30:00,17.7,19.3,10.6,8.6,0.1,SSW,35.0,13:20,17.7,100.0,8,SSW,13.0,1002.3,18.3,71,8.0,SSW,17,1006.2
26,2021-01-27,0,5221.53,19:00:00,14.3,25.8,0.4,3.6,11.1,ESE,43.0,19:43,15.5,52.0,7,SSE,15.0,1016.5,23.4,37,1.0,SSE,19,1014.8
27,2021-01-28,0,5398.66,17:00:00,15.4,25.5,0.0,8.0,1.1,SE,20.0,23:06,20.5,58.0,7,SSE,4.0,1017.3,24.8,53,8.0,SE,7,1015.1
28,2021-01-29,0,5737.11,10:30:00,18.9,21.6,3.6,4.8,0.1,N,31.0,13:00,18.9,92.0,8,NNE,6.0,1011.9,20.1,92,8.0,N,13,1009.1
29,2021-01-30,0,4742.37,20:00:00,16.7,21.9,43.2,3.6,4.5,S,33.0,16:34,17.9,74.0,5,WSW,7.0,1012.4,19.7,71,6.0,S,20,1013.3
30,2021-01-31,0,4709.83,19:00:00,16.4,21.8,0.0,4.0,10.3,S,39.0,16:39,17.8,55.0,7,SE,13.0,1018.6,19.9,55,1.0,SSW,19,1017.2
31,2021-02-01,0,5228.29,07:00:00,13.4,20.3,0.0,7.4,1.6,S,33.0,21:08,16.9,76.0,7,N,7.0,1012.8,19.4,69,7.0,S,13,1011.9
32,2021-02-02,0,5133.34,07:00:00,14.5,19.3,0.0,3.0,3.4,SSW,41.0,14:52,16.7,56.0,7,S,15.0,1016.5,18.2,47,7.0,SSW,20,1017.3
33,2021-02-03,0,5344.15,19:00:00,13.7,25.9,0.0,5.4,13.1,SE,33.0,16:58,16.5,66.0,5,SSE,11.0,1016.5,24.1,44,2.0,SE,7,1011.1
34,2021-02-04,0,6015.71,18:30:00,13.5,30.6,0.0,6.6,4.1,NNW,43.0,12:58,17.3,72.0,7,NE,7.0,1005.5,29.2,32,7.0,N,28,1002.7
35,2021-02-05,0,5852.98,13:00:00,17.3,29.8,0.4,7.8,8.9,NNW,52.0,10:27,24.1,62.0,7,NNE,19.0,1000.5,25.9,63,7.0,NNE,24,997.5
36,2021-02-06,0,4560.49,19:30:00,16.9,25.4,1.6,9.0,9.5,NW,39.0,11:44,18.6,59.0,7,N,17.0,998.5,23.7,45,7.0,NW,11,999.5
37,2021-02-07,0,4573.98,20:00:00,14.7,19.2,1.8,5.6,2.0,SSW,37.0,11:23,15.5,89.0,7,W,7.0,1011.5,17.4,69,7.0,S,17,1013.7
38,2021-02-08,0,5047.36,07:00:00,15.0,19.2,0.4,4.0,1.7,SW,35.0,13:14,15.9,59.0,7,SSE,13.0,1017.5,18.5,60,7.0,S,17,1017.6
39,2021-02-09,1,5511.16,18:30:00,12.0,25.2,0.0,4.0,12.7,SSW,28.0,14:00,16.9,71.0,4,SSE,11.0,1018.4,23.3,50,1.0,SSW,13,1014.5
40,2021-02-10,0,7009.15,18:00:00,13.8,31.5,0.0,7.4,11.6,NNW,30.0,11:22,17.2,77.0,1,NNE,7.0,1015.1,28.3,43,2.0,SSW,15,1010.5
41,2021-02-11,0,7153.92,17:00:00,17.2,32.8,0.0,8.0,5.5,N,46.0,12:20,24.3,58.0,6,NNE,9.0,1008.7,31.8,31,7.0,N,22,1004.5
42,2021-02-12,0,5460.87,07:00:00,17.4,23.3,4.6,12.2,5.6,SSW,28.0,4:17,17.5,67.0,7,WSW,11.0,1006.0,21.8,51,4.0,SW,9,1005.3
43,2021-02-13,0,4729.81,19:00:00,14.7,20.8,0.0,6.0,4.9,S,35.0,14:54,17.2,68.0,6,W,6.0,1012.8,20.3,58,7.0,S,15,1014.8
44,2021-02-14,0,4710.32,19:00:00,12.7,20.0,0.0,4.0,8.1,SSW,35.0,13:52,17.8,56.0,7,SE,9.0,1019.5,19.3,58,6.0,SSW,19,1019.3
45,2021-02-15,0,5719.51,18:00:00,14.4,24.6,0.0,5.6,9.2,SSE,22.0,7:37,17.0,73.0,7,SSE,9.0,1022.0,23.0,54,7.0,SSW,11,1019.6
46,2021-02-16,0,6816.18,17:30:00,15.9,31.3,0.0,6.2,8.3,N,33.0,9:27,20.2,67.0,7,NE,9.0,1021.6,30.2,32,5.0,ENE,7,1019.2
47,2021-02-17,0,7230.71,18:00:00,16.6,28.8,0.0,7.4,11.9,SSW,26.0,14:37,20.1,73.0,4,NE,7.0,1021.7,27.1,52,1.0,SW,7,1020.3
48,2021-02-18,1,7508.61,18:30:00,18.1,31.8,0.0,11.4,12.4,N,46.0,8:26,22.9,44.0,0,N,26.0,1022.6,30.0,32,1.0,NNE,9,1019.2
49,2021-02-19,2,7804.22,18:30:00,18.2,32.6,0.0,8.0,12.4,N,43.0,9:32,24.4,44.0,1,N,15.0,1017.3,31.2,33,3.0,N,22,1013.4
50,2021-02-20,0,5984.31,17:30:00,20.3,23.8,0.0,13.6,5.9,SSW,33.0,16:51,22.2,77.0,7, ,0.0,1013.2,22.0,76,4.0,SSW,11,1011.4
51,2021-02-21,0,5031.1,18:00:00,17.9,20.6,0.0,6.0,0.0,S,30.0,20:43,18.1,87.0,8,ESE,6.0,1011.4,19.0,75,8.0,SSW,13,1010.6
52,2021-02-22,0,5100.4,07:00:00,15.9,21.8,0.0,2.8,6.3,SSW,43.0,15:24,17.8,71.0,7,WSW,9.0,1012.3,20.4,52,7.0,S,17,1012.5
53,2021-02-23,0,5213.07,07:00:00,13.1,19.2,0.0,7.2,8.5,SSE,43.0,5:09,16.4,49.0,6,SSE,15.0,1018.7,18.2,45,4.0,SSW,17,1019.4
54,2021-02-24,0,5459.82,07:00:00,13.0,20.2,0.0,5.0,9.9,S,35.0,13:42,15.3,55.0,7,ESE,9.0,1020.5,18.5,53,7.0,SSW,19,1017.8
55,2021-02-25,0,5504.37,07:00:00,11.3,24.3,0.0,5.8,8.7,SSW,39.0,19:08,13.4,72.0,7,E,4.0,1012.8,23.4,37,2.0,W,11,1009.1
56,2021-02-26,0,5401.33,07:00:00,13.3,19.7,0.4,7.0,6.3,SSW,33.0,14:18,14.7,64.0,7,WSW,7.0,1014.5,18.6,49,5.0,S,17,1014.1
57,2021-02-27,0,4836.05,20:00:00,11.3,18.6,0.0,6.0,1.0,SSW,20.0,17:50,13.5,71.0,7,NNE,6.0,1013.4,17.8,62,7.0,SSW,9,1012.8
58,2021-02-28,0,5197.76,18:30:00,10.6,26.7,0.0,2.4,9.2,SW,26.0,22:57,14.0,77.0,0,NNE,7.0,1013.4,26.1,38,5.0,SW,9,1010.0
59,2021-03-01,0,5225.37,07:00:00,13.8,21.7,0.0,6.4,6.3,S,44.0,18:35,16.6,72.0,6,WSW,6.0,1012.3,19.7,67,6.0,S,15,1012.2
60,2021-03-02,0,5459.22,07:00:00,13.3,18.1,0.0,6.2,1.4,SSW,39.0,13:24,14.7,55.0,7,S,15.0,1018.1,17.0,44,7.0,SSW,15,1018.6
61,2021-03-03,1,5526.41,07:00:00,14.2,17.7,0.0,4.4,2.1,SSW,33.0,14:42,15.2,62.0,7,SSE,11.0,1020.0,17.3,54,7.0,S,13,1019.8
62,2021-03-04,0,5528.66,07:00:00,13.6,21.4,0.0,4.0,2.6,WSW,35.0,22:37,15.3,60.0,7,WSW,11.0,1017.2,19.0,60,7.0,SSW,7,1015.3
63,2021-03-05,0,5319.54,07:00:00,15.0,18.0,1.4,4.4,3.6,S,35.0,0:36,15.8,55.0,7,S,13.0,1015.1,17.1,53,7.0,SSW,20,1015.7
64,2021-03-06,0,4839.75,19:00:00,14.2,19.4,0.0,5.6,10.0,S,33.0,17:07,15.2,57.0,7,SE,9.0,1014.8,18.3,58,2.0,S,17,1014.1
65,2021-03-07,0,5044.14,19:30:00,11.3,28.5,0.0,6.0,7.9,N,26.0,12:20,13.7,82.0,6,NE,7.0,1012.0,27.2,29,6.0,S,7,1008.2
66,2021-03-08,0,5266.54,17:30:00,13.7,19.6,0.2,6.0,0.0,SSW,31.0,16:30,17.4,88.0,8,WSW,6.0,1010.4,17.5,79,8.0,SSW,4,1010.3
67,2021-03-09,1,5527.62,07:00:00,13.5,19.6,5.4,0.2,6.9,SSE,33.0,14:44,14.2,93.0,7,WSW,6.0,1017.0,18.5,63,4.0,S,15,1018.0
68,2021-03-10,0,5538.74,07:00:00,12.2,20.1,0.2,6.8,7.2,SSW,30.0,14:35,15.5,81.0,7, ,0.0,1021.7,19.7,58,1.0,SW,11,1019.5
69,2021-03-11,0,5626.12,17:30:00,11.6,24.7,0.0,5.0,4.6,SSW,24.0,15:56,15.0,86.0,7,N,9.0,1018.6,21.0,69,7.0,SW,9,1016.2
70,2021-03-12,1,6115.65,18:30:00,14.9,30.3,0.0,4.0,10.1,N,26.0,12:35,17.9,94.0,1,N,7.0,1016.7,29.0,36,7.0,NNE,9,1012.6
71,2021-03-13,0,4898.9,17:00:00,17.7,27.2,0.0,9.6,0.3,N,41.0,6:36,24.5,52.0,7,N,17.0,1007.4,19.0,87,8.0,SW,6,1010.4
72,2021-03-14,0,4920.14,19:30:00,11.0,17.7,17.2,7.4,10.0,SW,31.0,2:19,11.9,71.0,1,W,7.0,1021.1,17.2,49,5.0,S,15,1021.8
73,2021-03-15,0,5619.41,07:00:00,8.9,22.2,0.0,2.4,5.2,S,24.0,22:26,11.1,74.0,5,NNE,9.0,1024.8,20.3,58,7.0,S,7,1023.3
74,2021-03-16,0,5580.93,07:00:00,11.1,20.6,0.0,2.2,8.0,SSW,26.0,13:50,16.2,68.0,7,SSE,9.0,1026.7,19.6,62,1.0,SSW,13,1024.7
75,2021-03-17,1,5765.54,18:00:00,13.9,26.4,0.0,2.8,9.9,S,24.0,13:29,16.2,86.0,0,NE,4.0,1025.1,25.4,50,2.0,SSW,9,1022.7
76,2021-03-18,0,5691.57,18:00:00,13.8,24.9,0.0,5.8,5.1,S,22.0,16:04,16.8,80.0,7,NE,4.0,1025.8,24.0,59,7.0,SSW,9,1024.0
77,2021-03-19,1,5467.08,07:00:00,14.2,26.1,0.0,5.2,6.1,ESE,31.0,19:22,16.1,88.0,7,NE,2.0,1027.2,24.3,63,3.0,SSW,11,1025.2
78,2021-03-20,0,4748.83,19:30:00,14.0,26.0,0.0,5.4,5.3,E,31.0,13:37,16.7,90.0,1, ,0.0,1027.4,24.0,49,7.0,ESE,13,1024.3
79,2021-03-21,0,4958.01,17:30:00,16.7,21.7,1.2,3.0,0.0,ESE,17.0,16:34,18.9,96.0,8,S,2.0,1022.6,21.5,86,8.0, ,0,1020.0
80,2021-03-22,1,5561.02,17:00:00,17.5,24.2,5.6,2.6,1.8,NNE,31.0,12:51,18.9,94.0,7,NNE,6.0,1018.8,21.6,72,7.0,N,13,1016.1
81,2021-03-23,3,5618.16,07:00:00,17.6,22.0,13.8,0.6,0.6,SSW,30.0,14:29,17.8,100.0,7,SSE,4.0,1007.6,21.0,78,7.0,SSW,11,1002.5
82,2021-03-24,0,5549.13,17:30:00,17.0,20.3,0.6,2.2,1.7,S,33.0,13:40,17.5,100.0,7,W,4.0,999.9,19.3,85,7.0,S,17,999.7
83,2021-03-25,2,5385.08,19:00:00,15.5,21.1,4.6,2.8,3.1,WNW,31.0,4:55,15.7,87.0,7,W,9.0,1005.3,19.8,52,7.0,WNW,13,1006.4
84,2021-03-26,1,5651.13,07:00:00,11.2,22.0,0.2,2.8,6.5,N,33.0,12:05,13.3,77.0,1,NE,9.0,1013.7,20.4,46,7.0,NNW,17,1011.0
85,2021-03-27,1,4860.61,19:00:00,13.2,21.3,3.4,3.8,4.1,NW,31.0,14:21,14.9,88.0,7,NNW,7.0,1010.8,19.9,44,2.0,WNW,7,1010.6
86,2021-03-28,1,5019.74,19:00:00,12.4,20.2,0.0,4.4,3.9,SSW,24.0,11:10,14.2,76.0,6,NNW,7.0,1018.8,18.3,55,7.0,SSW,9,1018.6
87,2021-03-29,1,5536.91,19:00:00,13.8,18.2,1.0,2.8,8.0,SSW,35.0,14:21,15.4,73.0,7,SSW,11.0,1024.0,17.4,55,7.0,S,15,1024.7
88,2021-03-30,2,5826.39,07:00:00,9.8,18.9,0.0,3.6,10.2,SSW,26.0,13:08,11.5,84.0,7,NE,2.0,1027.1,18.5,60,1.0,SSW,11,1025.7
89,2021-03-31,1,5769.1,07:00:00,11.4,22.8,0.0,3.2,8.9,S,19.0,15:44,15.3,77.0,7, ,0.0,1026.6,21.0,58,1.0,S,7,1023.7
90,2021-04-01,1,5807.02,18:00:00,12.4,29.9,0.0,4.4,10.8,NNW,20.0,11:49,14.4,86.0,1,NE,9.0,1024.3,28.7,30,3.0,SE,7,1021.6
91,2021-04-02,1,5439.82,18:00:00,13.5,30.6,0.0,6.6,10.8,N,15.0,6:00,15.1,75.0,2,NNE,9.0,1026.2,29.3,28,0.0,SSW,9,1023.1
92,2021-04-03,1,5723.27,18:00:00,15.1,31.6,0.0,4.4,10.9,N,37.0,11:45,21.9,55.0,0,NNW,17.0,1022.3,30.5,32,0.0,N,19,1018.3
93,2021-04-04,0,5014.06,19:00:00,15.2,24.5,0.0,8.6,10.1,S,35.0,14:18,22.9,50.0,0,NNW,11.0,1018.5,20.0,72,1.0,S,15,1018.0
94,2021-04-05,0,5078.44,19:00:00,16.0,19.0,0.0,5.8,8.1,SSW,30.0,15:38,16.9,58.0,7,SSE,9.0,1022.7,18.1,58,3.0,SSW,17,1021.5
95,2021-04-06,0,5573.79,19:00:00,12.8,20.2,0.0,4.0,4.4,SSW,26.0,12:38,16.2,64.0,7,SE,9.0,1023.7,19.6,59,6.0,SSW,11,1021.5
96,2021-04-07,1,5876.07,19:00:00,14.9,23.0,0.0,3.2,4.9,SSW,20.0,16:55,15.8,82.0,8, ,0.0,1020.2,21.6,61,1.0,SSW,9,1015.8
97,2021-04-08,0,5978.02,18:30:00,15.4,29.3,0.0,4.6,4.9,NNW,43.0,14:36,20.5,73.0,1,N,9.0,1011.0,28.9,25,7.0,NNW,17,1005.0
98,2021-04-09,1,5688.63,19:00:00,13.8,17.3,6.2,6.4,7.9,S,35.0,3:11,15.2,59.0,5,W,13.0,1010.0,15.7,62,6.0,S,17,1009.6
99,2021-04-10,0,5366.73,19:00:00,12.9,18.3,0.2,2.8,3.9,WSW,54.0,14:43,14.1,71.0,6,WNW,11.0,1007.9,15.4,53,7.0,SW,17,1008.0
100,2021-04-11,1,5829.16,19:00:00,8.1,14.5,3.4,5.2,6.1,S,56.0,12:02,9.8,75.0,4,WNW,11.0,1014.8,14.1,56,5.0,SSW,19,1016.9
101,2021-04-12,2,6415.58,19:00:00,9.7,16.8,10.0,3.2,3.9,W,28.0,2:30,11.7,95.0,6,WNW,6.0,1023.7,16.0,65,6.0,SSW,11,1021.8
102,2021-04-13,0,5990.97,18:30:00,7.8,20.0,0.6,0.0,2.5,N,59.0,15:18,11.5,81.0,7,NNE,9.0,1018.8,18.5,46,7.0,N,28,1011.6
103,2021-04-14,1,5731.88,19:00:00,11.5,20.8,0.0,7.8,6.8,N,43.0,1:40,18.0,46.0,1,NW,13.0,1010.9,20.1,46,7.0,WSW,11,1011.1
104,2021-04-15,1,5936.95,18:30:00,14.0,20.2,0.0,7.4,5.4,SW,39.0,14:25,15.8,52.0,3,WNW,11.0,1016.2,15.7,71,7.0,WNW,6,1015.3
105,2021-04-16,1,6202.21,18:30:00,11.5,15.1,1.0,4.2,1.3,SSW,24.0,10:53,12.3,75.0,7,NNE,6.0,1024.2,14.5,56,7.0,S,7,1023.9
106,2021-04-17,2,5450.82,19:00:00,12.3,17.7,0.0,3.2,3.7,SSE,22.0,14:57,14.2,50.0,7,W,9.0,1025.6,16.7,50,7.0,S,13,1024.0
107,2021-04-18,1,5572.65,18:30:00,13.1,18.8,0.0,3.2,0.7,NNW,20.0,11:20,14.9,77.0,7,NW,2.0,1023.5,17.5,64,7.0,S,2,1020.3
108,2021-04-19,2,5937.22,18:30:00,12.0,20.6,0.0,2.8,2.3,NW,30.0,13:27,15.3,64.0,6,N,9.0,1018.4,18.9,47,6.0,NNW,15,1014.1
109,2021-04-20,2,6632.03,18:30:00,14.0,18.7,0.0,5.6,1.9,SSW,44.0,19:42,16.3,53.0,5,N,9.0,1011.0,11.4,88,7.0,W,6,1011.0
110,2021-04-21,3,6539.68,18:30:00,7.1,14.9,10.4,0.2,7.7,N,19.0,23:00,10.0,65.0,1,NW,2.0,1019.2,14.2,48,6.0,S,7,1015.4
111,2021-04-22,2,6464.1,18:30:00,9.9,17.0,0.0,4.0,1.6,WSW,30.0,16:15,13.4,62.0,7,NNW,13.0,1013.3,16.8,46,7.0,WNW,9,1012.0
112,2021-04-23,2,6154.8,18:30:00,12.1,17.3,0.4,3.0,2.0,WSW,31.0,9:24,14.7,66.0,7,W,11.0,1018.6,16.4,51,7.0,WSW,9,1018.5
113,2021-04-24,1,5763.75,18:30:00,13.1,18.3,0.0,3.2,1.8,NW,30.0,13:06,15.1,56.0,7,NNW,15.0,1023.2,17.3,58,7.0,SSE,2,1021.8
114,2021-04-25,2,5835.47,18:30:00,9.9,17.8,2.6,1.2,3.6,SSW,24.0,19:10,12.8,83.0,6,N,2.0,1027.0,16.0,70,7.0,SSW,4,1025.2
115,2021-04-26,3,6436.32,18:30:00,10.9,17.9,1.2,2.2,0.8,SSW,20.0,10:50,13.6,83.0,7,SW,6.0,1027.9,16.1,68,7.0,S,9,1027.1
116,2021-04-27,3,6487.76,18:30:00,11.8,16.6,0.6,2.0,0.9,W,19.0,8:57,13.4,87.0,7,WSW,9.0,1029.5,16.3,73,7.0,SSW,11,1026.7
117,2021-04-28,3,6461.27,18:30:00,7.4,16.9,0.4,3.0,9.5,SSW,22.0,15:03,12.3,87.0,1, ,0.0,1026.4,14.8,70,5.0,S,13,1023.9
118,2021-04-29,3,6405.5,18:30:00,8.2,18.4,0.0,2.2,9.9,SSW,17.0,13:44,12.0,83.0,1, ,0.0,1025.1,17.5,66,2.0,SSW,9,1022.9
119,2021-04-30,1,5887.34,18:30:00,9.5,24.4,0.0,0.0,10.2,N,30.0,12:05,12.5,83.0,1,NNE,13.0,1027.0,23.9,32,0.0,N,15,1024.0
120,2021-05-01,1,5261.09,18:30:00,11.2,24.6,0.0,5.4,7.1,N,33.0,12:48,14.9,63.0,3,NNE,9.0,1027.3,24.2,35,7.0,N,17,1024.4
121,2021-05-02,1,5289.07,18:30:00,13.7,26.0,0.0,6.4,3.8,N,39.0,14:18,17.5,59.0,7,NNE,7.0,1023.3,25.3,36,2.0,N,20,1018.9
122,2021-05-03,1,6183.0,18:30:00,12.5,18.2,0.2,6.8,0.8,S,28.0,18:35,15.0,80.0,7,SW,7.0,1019.6,17.0,74,7.0,SSW,9,1017.6
123,2021-05-04,1,6663.33,18:30:00,9.4,15.5,30.8,4.6,0.1,S,39.0,14:46,12.0,100.0,7, ,0.0,1019.9,14.4,78,8.0,S,19,1021.5
124,2021-05-05,1,6389.08,18:30:00,7.2,17.3,0.0,0.8,9.1,SSW,30.0,12:37,12.2,83.0,1, ,0.0,1026.0,17.0,52,5.0,SSW,9,1023.4
125,2021-05-06,3,6342.41,18:30:00,7.6,22.2,0.0,2.0,8.4,SSE,19.0,0:01,10.8,83.0,1,NE,6.0,1021.6,21.6,56,1.0,WNW,2,1016.8
126,2021-05-07,3,5957.64,18:30:00,10.5,21.5,0.2,2.4,3.6,NE,15.0,6:35,13.9,91.0,4,N,7.0,1014.8,20.2,37,6.0, ,0,1011.3
127,2021-05-08,1,5517.34,18:30:00,9.9,19.8,0.0,2.8,5.1,SW,24.0,16:55,15.1,76.0,2,W,4.0,1013.9,17.3,69,7.0,SSW,6,1013.4
128,2021-05-09,1,5222.89,18:30:00,11.0,20.5,0.4,0.0,7.1,NW,28.0,13:06,13.7,97.0,6, ,0.0,1018.4,19.5,45,3.0,WNW,6,1014.9
129,2021-05-10,3,6352.55,18:00:00,11.7,16.9,0.2,3.8,0.5,N,41.0,13:18,14.3,68.0,7,N,19.0,1010.2,16.2,56,7.0,NNW,13,1007.6
130,2021-05-11,3,6578.07,18:30:00,10.7,16.3,15.8,2.8,0.1,S,41.0,4:50,12.2,100.0,8,SSW,9.0,1018.7,15.7,71,7.0,SE,17,1021.3
131,2021-05-12,3,6406.0,18:30:00,7.3,18.5,0.8,2.6,8.8,SSE,24.0,3:04,11.0,84.0,3,NNE,7.0,1024.8,17.9,52,1.0, ,0,1019.6
132,2021-05-13,1,6679.05,18:00:00,8.1,17.6,0.0,1.2,1.0,NNW,39.0,11:57,14.0,65.0,7,N,15.0,1012.5,13.1,90,8.0,NW,9,1011.1
133,2021-05-14,1,6493.23,18:00:00,7.8,15.6,4.2,2.4,4.5,W,35.0,11:04,11.5,71.0,3,NW,11.0,1014.5,13.5,67,3.0,WSW,6,1013.6
134,2021-05-15,2,6319.27,18:30:00,7.3,12.9,7.4,2.4,7.5,SSW,54.0,4:25,8.6,72.0,4,W,13.0,1018.1,11.9,59,6.0,SSW,11,1020.5
135,2021-05-16,1,6066.36,18:30:00,8.3,15.5,0.2,3.0,3.2,NW,35.0,14:15,10.3,67.0,6,N,11.0,1021.8,14.5,59,7.0,NW,11,1019.1
136,2021-05-17,3,6856.41,18:30:00,10.2,15.4,0.4,0.6,7.1,SW,30.0,1:39,11.8,85.0,2,WSW,9.0,1024.7,14.2,53,6.0,SSW,11,1025.4
137,2021-05-18,3,6809.87,18:30:00,10.0,16.0,0.0,1.8,0.7,NW,20.0,11:17,11.4,77.0,7,NE,9.0,1029.1,15.6,57,7.0,NNW,6,1026.5
138,2021-05-19,2,6450.43,18:30:00,9.8,18.5,0.0,3.6,6.7,N,39.0,14:45,12.5,70.0,2,N,15.0,1027.6,17.9,45,7.0,NNW,13,1024.3
139,2021-05-20,1,6763.11,18:30:00,12.0,17.0,0.0,4.0,0.2,N,37.0,1:01,12.7,62.0,7,N,17.0,1025.8,16.7,55,7.0,SW,4,1026.3
140,2021-05-21,0,6736.74,18:30:00,6.2,17.7,0.0,1.6,8.9,NNE,15.0,8:39,7.2,100.0,1,NNE,11.0,1031.9,16.4,44,1.0,SSW,7,1028.6
141,2021-05-22,3,6108.91,18:30:00,3.6,19.2,0.0,3.0,9.3,N,35.0,12:19,6.8,77.0,1,NNE,7.0,1027.0,18.9,36,0.0,N,13,1023.6
142,2021-05-23,2,5999.22,18:30:00,6.1,20.2,0.0,3.4,8.8,NNW,24.0,13:50,8.7,78.0,3,NNE,11.0,1027.4,20.1,42,3.0,NNE,13,1024.9
143,2021-05-24,0,6354.64,18:00:00,6.8,19.9,0.0,2.6,4.8,NE,31.0,12:40,10.7,73.0,7,NE,9.0,1027.4,18.4,47,6.0,N,13,1023.4
144,2021-05-25,0,6347.45,18:30:00,10.6,20.9,0.0,5.6,3.2,N,57.0,12:48,18.4,50.0,6,NNE,20.0,1015.3,15.5,76,8.0,N,22,1009.6
145,2021-05-26,2,6801.36,18:30:00,11.9,14.7,5.0,3.4,1.4,WNW,39.0,5:45,13.1,60.0,7,WNW,11.0,1016.9,13.9,53,7.0,W,11,1019.7
146,2021-05-27,2,6551.0,18:00:00,9.8,15.0,0.4,1.6,0.6,W,33.0,14:15,11.3,94.0,7,SSW,4.0,1025.9,14.2,73,7.0,WSW,11,1025.3
147,2021-05-28,1,6887.79,18:00:00,11.0,13.8,0.4,0.4,0.5,S,39.0,7:07,12.2,60.0,7,S,15.0,1031.8,12.7,59,7.0,S,11,1032.4
148,2021-05-29,1,6441.38,18:00:00,10.4,13.1,0.0,2.0,4.1,SSE,26.0,14:41,11.3,58.0,7,SSE,6.0,1034.2,12.7,55,5.0,S,13,1032.3
149,2021-05-30,3,6783.18,18:30:00,1.7,14.5,0.0,2.4,8.9,NNE,17.0,23:16,3.0,94.0,1,NNE,9.0,1031.5,14.1,48,5.3,NE,4,1015.8
150,2021-05-31,2,7042.12,18:30:00,3.0,16.1,0.0,2.2,9.1,NNE,31.0,15:39,5.7,76.0,0,NNE,11.0,1025.2,15.7,48,2.0,NNE,17,1021.6
151,2021-06-01,0,6945.56,18:00:00,5.7,15.7,0.0,4.0,1.3,N,39.0,11:32,9.2,60.0,8,NNE,13.0,1020.8,15.3,48,7.0,N,17,1019.4
152,2021-06-02,0,6564.7,18:00:00,9.2,19.6,0.0,3.2,7.7,NNW,33.0,13:14,12.4,63.0,1,N,9.0,1018.8,19.0,44,5.0,N,11,1015.2
153,2021-06-03,2,6421.12,18:00:00,10.4,16.9,0.2,3.4,7.5,N,24.0,1:09,12.2,93.0,2,NE,7.0,1015.1,16.7,62,5.0,SSW,9,1012.9
154,2021-06-04,3,6934.53,18:00:00,10.0,13.6,2.0,1.2,2.0,S,37.0,15:23,10.9,81.0,3,SW,7.0,1017.0,11.9,66,7.0,W,7,1018.5
155,2021-06-05,1,6484.85,18:00:00,3.8,12.9,0.0,1.4,3.5,N,52.0,14:43,6.7,74.0,7,N,11.0,1021.4,12.0,57,7.0,N,26,1017.6
156,2021-06-06,3,6192.29,18:00:00,6.7,14.7,0.0,2.6,4.2,N,39.0,12:17,11.0,81.0,7,N,17.0,1022.2,13.6,73,5.0,N,17,1019.9
157,2021-06-07,2,6614.71,18:00:00,10.7,17.2,0.0,1.0,2.6,N,59.0,14:39,12.5,73.0,7,N,22.0,1016.7,16.5,55,7.0,N,28,1009.3
158,2021-06-08,2,7228.52,18:00:00,9.3,13.2,3.0,4.8,2.3,N,48.0,0:39,9.3,89.0,7,NNE,9.0,1005.0,11.1,72,7.0,W,11,1004.8
159,2021-06-09,1,7224.91,18:00:00,7.8,14.7,4.0,1.6,0.5,S,67.0,23:47,9.7,83.0,7,SSW,4.0,1010.7,12.3,86,8.0,S,20,1008.8
160,2021-06-10,3,6516.17,18:00:00,9.7,15.1,12.0,3.6,0.3,S,67.0,0:33,14.5,78.0,8,SSE,30.0,1009.5,14.3,71,7.0,ESE,11,1009.8
161,2021-06-11,1,6784.83,18:00:00,6.8,15.0,0.4,0.4,1.3,WNW,22.0,23:37,7.9,100.0,7,N,6.0,1016.0,14.6,80,7.0,SSW,7,1013.7
162,2021-06-12,3,6062.58,18:30:00,7.4,16.5,9.4,0.4,1.0,WNW,33.0,12:32,12.7,85.0,7,WNW,7.0,1014.4,15.5,61,7.0,W,11,1014.0
163,2021-06-13,1,6112.1,18:30:00,10.9,15.9,0.0,1.4,0.7,NNW,17.0,10:49,11.7,86.0,7, ,0.0,1018.8,14.3,69,7.0,S,6,1016.8
164,2021-06-14,1,6366.51,18:00:00,9.7,16.4,0.0,1.4,1.6,ESE,15.0,16:16,11.0,89.0,7,NNE,7.0,1018.0,15.9,57,6.0,SSE,6,1015.5
165,2021-06-15,0,6927.87,18:00:00,7.0,15.6,0.0,0.8,0.0,N,24.0,17:27,8.5,89.0,7,NNE,7.0,1017.5,15.0,60,7.0,NNE,9,1014.5
166,2021-06-16,1,7031.11,18:30:00,8.3,16.0,1.8,2.2,2.9,NNW,41.0,12:56,11.5,88.0,7,NNE,13.0,1011.4,15.4,60,7.0,N,15,1008.1
167,2021-06-17,2,7286.57,18:00:00,7.8,12.9,0.8,1.0,2.6,N,20.0,7:03,9.4,83.0,7,N,9.0,1010.5,12.4,70,7.0,N,4,1008.8
168,2021-06-18,2,6838.24,18:00:00,6.1,13.2,1.6,1.8,0.1,SSW,26.0,13:15,9.4,100.0,7,S,2.0,1012.6,12.5,98,7.0,SSW,9,1014.4
169,2021-06-19,3,6263.41,18:30:00,9.1,16.2,2.2,1.6,4.0,SE,28.0,10:38,11.4,100.0,7,S,6.0,1024.5,13.4,86,6.0,SSW,13,1025.1
170,2021-06-20,3,6628.57,18:30:00,5.2,14.5,0.0,0.0,6.9,SE,20.0,10:40,9.1,100.0,1,E,4.0,1027.8,13.8,69,2.0, ,0,1025.4
171,2021-06-21,2,7247.87,08:30:00,3.9,15.4,0.2,0.4,9.1,N,26.0,12:22,6.3,94.0,1,NE,7.0,1028.7,14.6,51,1.0,N,15,1025.8
172,2021-06-22,2,7162.85,09:00:00,3.7,16.3,0.0,2.0,1.9,NNE,28.0,13:37,5.6,91.0,7,NNE,6.0,1029.6,14.4,56,7.0,NNE,13,1026.2
173,2021-06-23,2,7077.89,18:00:00,5.6,15.3,0.0,2.7,2.1,N,46.0,10:33,13.9,63.0,8,N,9.0,1019.4,14.8,67,7.0,N,17,1012.5
174,2021-06-24,2,6787.77,18:00:00,9.8,16.7,0.0,1.0,5.2,N,41.0,12:07,12.6,85.0,1,N,6.0,1007.2,15.3,54,7.0,N,17,1004.9
175,2021-06-25,2,6855.19,18:00:00,10.6,13.2,0.6,2.4,0.3,N,37.0,0:05,11.0,88.0,7,N,13.0,1010.3,12.6,94,7.0, ,0,1011.1
176,2021-06-26,2,6404.33,18:00:00,10.0,13.4,5.6,0.2,4.6,NNW,28.0,22:26,10.5,79.0,3,W,9.0,1019.9,12.4,56,3.0,WSW,9,1020.1
177,2021-06-27,2,6381.64,18:30:00,9.7,15.3,0.0,2.4,4.9,NNW,26.0,1:43,10.9,81.0,5,N,11.0,1025.9,13.6,75,5.0,SSW,9,1027.0
178,2021-06-28,2,7214.06,18:30:00,6.4,15.1,0.0,1.4,9.0,NNW,24.0,12:27,7.8,97.0,1,NNE,7.0,1032.8,14.6,53,1.0,NNE,9,1031.0
179,2021-06-29,1,6950.26,09:00:00,4.2,16.7,0.0,2.2,8.8,NNW,43.0,14:12,6.8,88.0,1,NE,2.0,1032.5,16.2,55,2.0,N,19,1029.4
180,2021-06-30,2,6648.79,18:30:00,5.5,16.9,0.0,1.2,6.8,N,39.0,14:04,11.3,79.0,1,NNE,9.0,1026.8,16.8,57,1.0,N,19,1022.6
181,2021-07-01,2,6752.13,18:30:00,10.5,17.2,0.0,1.4,8.9,NNW,35.0,12:17,12.3,86.0,1,N,11.0,1022.3,16.6,58,1.0,N,20,1019.1
182,2021-07-02,2,6851.32,18:00:00,9.7,14.5,0.2,2.8,1.7,N,43.0,15:02,12.7,83.0,6,N,9.0,1014.6,14.4,72,7.0,N,22,1010.4
183,2021-07-03,1,6972.85,18:00:00,6.6,10.6,6.6,2.8,4.5,N,43.0,13:45,7.9,75.0,5,N,19.0,1016.3,9.8,63,5.0,NNW,22,1014.9
184,2021-07-04,2,6849.08,18:30:00,6.5,13.1,0.2,1.2,3.5,NNW,46.0,14:32,7.7,79.0,3,N,20.0,1016.4,12.2,67,7.0,NW,17,1015.3
185,2021-07-05,2,7629.77,19:30:00,4.6,13.1,0.4,1.6,1.9,SSW,22.0,12:47,6.8,82.0,7,NE,9.0,1022.7,12.7,66,7.0,SW,7,1021.5
186,2021-07-06,3,7281.69,18:00:00,6.7,13.2,0.0,1.0,0.6,NW,20.0,3:16,8.7,74.0,7,N,9.0,1023.4,12.9,55,7.0,NNW,11,1022.2
187,2021-07-07,3,7349.58,18:00:00,6.8,13.1,0.0,0.8,2.2,,34.4,,7.8,74.0,6,NE,9.0,1026.0,12.0,49,7.0,NW,6,1023.8
188,2021-07-08,3,7685.69,18:30:00,11.1,19.4,1.6,1.8,8.3,,34.4,,13.7,74.5,2,,9.8,1017.7,12.0,55,6.0,NE,9,1019.4
189,2021-07-09,3,7536.11,09:00:00,2.0,12.0,1.6,1.0,9.0,NNE,15.0,10:29,4.6,92.0,4,NE,4.0,1017.9,11.0,67,2.0,SSW,7,1015.7
190,2021-07-10,3,6825.14,18:30:00,3.2,14.2,0.0,0.8,6.6,NE,15.0,10:33,5.0,100.0,7,NNE,6.0,1024.4,12.1,80,1.0,SSW,9,1024.4
191,2021-07-11,1,6511.44,18:30:00,5.0,16.1,0.0,0.8,5.7,N,43.0,13:34,6.5,100.0,3,NNE,13.0,1025.9,14.4,52,7.0,N,20,1022.2
192,2021-07-12,1,7095.0,18:30:00,5.9,16.1,0.0,3.0,5.1,N,50.0,12:55,11.4,71.0,7,N,13.0,1018.1,15.8,44,1.0,N,24,1013.6
193,2021-07-13,3,7174.57,18:00:00,8.9,14.4,0.4,2.4,2.4,N,37.0,11:20,10.7,84.0,7,N,11.0,1014.2,13.8,69,7.0,N,19,1011.7
194,2021-07-14,1,7175.95,18:30:00,9.8,13.9,2.2,3.0,0.5,N,44.0,5:56,10.3,84.0,7,N,13.0,1005.0,13.4,73,7.0,N,24,1000.8
195,2021-07-15,1,6715.55,18:30:00,10.0,17.1,3.0,1.6,7.0,N,43.0,12:40,12.3,84.0,5,N,17.0,1000.0,16.4,67,4.0,N,22,996.6
196,2021-07-16,0,6745.77,18:30:00,10.9,15.2,0.2,0.8,2.4,NNW,41.0,12:08,11.1,75.0,7,N,17.0,989.7,13.8,60,5.0,WNW,6,989.0
197,2021-07-17,1,6486.18,18:30:00,7.6,13.7,0.2,2.8,0.8,NNW,33.0,7:56,8.7,67.0,7,N,13.0,992.8,13.2,66,7.0,W,11,996.7
198,2021-07-18,1,6759.22,18:30:00,8.5,14.2,4.2,1.0,3.0,WNW,28.0,1:03,10.4,83.0,3,NW,9.0,1014.5,13.0,65,7.0,SW,7,1015.1
199,2021-07-19,3,7130.82,18:00:00,9.1,13.0,0.0,1.8,2.9,NNW,31.0,14:00,10.4,72.0,7,N,13.0,1016.2,12.2,72,7.0,N,11,1012.5
200,2021-07-20,2,7556.79,18:00:00,9.9,11.4,0.6,2.2,0.3,SW,54.0,17:18,10.8,80.0,7,N,13.0,1005.2,8.6,86,8.0,SSW,13,1007.4
201,2021-07-21,3,7391.37,18:30:00,6.5,13.6,10.8,1.6,2.8,WSW,31.0,0:37,8.9,80.0,7,W,6.0,1020.5,12.0,69,6.0,WSW,7,1019.0
202,2021-07-22,2,7536.62,18:30:00,5.1,11.8,0.6,2.6,0.1,NNW,46.0,14:11,7.8,88.0,7,N,17.0,1015.8,10.5,66,7.0,N,22,1010.7
203,2021-07-23,2,7329.83,18:30:00,7.8,11.3,0.0,0.6,1.5,N,31.0,1:36,8.2,80.0,7,N,7.0,1006.8,10.9,64,7.0,N,13,1003.6
204,2021-07-24,2,6492.94,18:00:00,7.5,14.4,0.0,1.4,3.4,NNW,48.0,14:46,9.5,78.0,7,N,19.0,998.2,13.9,53,5.0,NNW,19,995.3
205,2021-07-25,2,6817.65,18:30:00,5.8,13.0,0.8,3.6,7.2,NNW,48.0,14:35,8.1,60.0,1,NW,19.0,1003.6,12.5,47,7.0,NW,13,1004.8
206,2021-07-26,1,6763.92,18:30:00,8.1,16.4,0.0,1.0,2.9,NNW,43.0,10:41,12.4,75.0,7,N,13.0,1010.9,15.8,62,7.0,NNW,20,1009.7
207,2021-07-27,2,6646.82,18:30:00,10.1,17.1,0.0,3.4,4.3,N,67.0,21:40,11.1,67.0,2,N,19.0,1011.1,16.4,48,7.0,N,26,1003.7
208,2021-07-28,2,7125.58,18:30:00,11.1,16.8,0.0,5.4,4.7,NNW,50.0,5:28,14.3,70.0,6,N,13.0,998.2,12.0,65,7.0,WNW,11,998.4
209,2021-07-29,3,6990.16,18:30:00,6.7,15.4,0.8,3.4,7.8,NNW,41.0,14:41,8.7,67.0,6,NNW,19.0,1013.5,14.9,52,1.0,NNW,17,1013.5
210,2021-07-30,1,6684.48,18:30:00,8.0,14.9,0.0,2.6,6.4,N,61.0,22:32,9.9,59.0,1,NNE,19.0,1015.1,13.6,49,7.0,N,26,1011.0
211,2021-07-31,2,6018.75,18:30:00,9.9,18.1,0.0,7.0,6.3,N,54.0,1:23,13.1,54.0,1,N,20.0,1006.1,17.1,48,6.0,N,22,1002.0
212,2021-08-01,3,6526.06,18:30:00,8.0,15.7,18.0,6.8,9.0,NNW,30.0,12:08,11.1,72.0,1,NW,9.0,1010.6,14.6,42,3.0,W,9,1011.5
213,2021-08-02,1,6914.27,18:30:00,6.5,15.4,0.0,2.8,9.1,N,50.0,13:45,10.2,67.0,1,NNE,15.0,1016.2,15.2,43,3.0,NNW,24,1011.5
214,2021-08-03,1,7197.61,18:30:00,8.7,14.5,4.8,2.6,4.1,NNW,35.0,12:23,10.6,77.0,2,N,9.0,1008.1,13.3,53,6.0,WNW,15,1007.7
215,2021-08-04,2,6831.32,18:30:00,7.8,14.5,0.6,1.8,3.4,WSW,31.0,12:09,10.2,78.0,7,W,11.0,1016.0,14.3,67,7.0,W,9,1015.5
216,2021-08-05,1,6416.19,18:00:00,9.8,15.8,0.4,1.6,3.9,WNW,31.0,14:49,11.8,80.0,7,WNW,11.0,1021.7,15.2,63,7.0,W,15,1020.1
217,2021-08-06,2,6650.37,18:00:00,10.7,14.2,0.2,2.2,0.6,NNW,28.0,20:22,12.1,74.0,7,WNW,9.0,1024.5,13.9,60,8.0,NW,13,1023.1
218,2021-08-07,3,6419.69,18:30:00,10.5,15.5,0.0,1.6,2.4,NW,30.0,6:10,11.2,75.0,7,NW,11.0,1026.9,13.2,75,7.0,SSW,11,1026.4
219,2021-08-08,3,6477.76,18:30:00,5.8,16.4,0.6,1.2,5.5,N,17.0,8:51,7.2,100.0,1,N,11.0,1032.6,14.6,58,7.0,S,6,1029.3
220,2021-08-09,2,6675.69,18:30:00,7.1,16.4,0.0,2.8,2.7,N,30.0,13:56,9.1,82.0,7,NNE,9.0,1028.1,15.1,60,6.0,NNW,19,1023.3
221,2021-08-10,2,6234.67,18:30:00,9.1,17.7,0.0,2.4,8.1,N,52.0,11:11,12.4,77.0,6,N,19.0,1022.4,17.5,45,6.0,N,24,1017.9
222,2021-08-11,1,6687.69,18:30:00,12.4,19.2,0.0,7.0,3.6,NNW,54.0,13:44,14.4,47.0,5,N,28.0,1012.2,16.7,44,8.0,WNW,17,1009.8
223,2021-08-12,2,6537.7,18:30:00,8.1,16.6,2.8,4.4,4.7,NNW,31.0,10:24,10.6,71.0,7,N,11.0,1025.2,15.4,50,7.0,W,13,1024.3
224,2021-08-13,1,6300.74,19:00:00,8.1,17.6,0.0,1.2,10.1,NW,33.0,13:04,11.8,73.0,1,N,15.0,1026.9,17.1,44,3.0,W,9,1025.1
225,2021-08-14,2,6049.06,18:30:00,6.9,18.4,0.0,3.4,7.8,NNW,31.0,15:01,10.9,78.0,1,N,11.0,1028.7,17.3,41,6.0,WNW,13,1025.1
226,2021-08-15,1,5661.48,18:30:00,10.1,19.0,0.0,3.0,9.1,NNW,54.0,13:07,12.1,63.0,3,N,17.0,1024.1,18.3,31,2.0,W,22,1019.2
227,2021-08-16,1,6595.54,18:30:00,11.0,14.4,0.2,6.6,2.8,WNW,44.0,12:45,12.2,70.0,7,WNW,13.0,1022.8,14.2,62,7.0,WSW,17,1022.8
228,2021-08-17,3,6849.04,18:30:00,9.8,13.9,0.4,2.0,3.3,SSW,30.0,11:13,11.0,87.0,7,W,9.0,1025.5,12.7,79,7.0,S,15,1024.8
229,2021-08-18,3,6788.59,18:30:00,7.6,15.5,0.6,1.8,1.8,N,24.0,14:41,10.4,82.0,7,NW,9.0,1026.0,15.1,53,7.0,N,13,1021.9
230,2021-08-19,1,6344.8,19:00:00,8.2,17.4,0.0,2.6,8.3,N,31.0,15:18,11.6,72.0,5,N,13.0,1023.3,16.7,50,2.0,N,17,1019.3
231,2021-08-20,1,6331.48,19:00:00,8.7,17.3,0.8,3.6,3.2,N,50.0,14:27,11.3,80.0,6,NNE,11.0,1016.7,16.7,51,3.0,N,28,1012.1
232,2021-08-21,1,5705.47,19:00:00,10.6,20.0,1.0,3.6,10.2,NW,33.0,11:24,13.9,64.0,0,NNW,13.0,1015.3,18.9,44,4.0,NW,13,1013.8
233,2021-08-22,0,5325.33,19:00:00,11.3,22.2,0.0,4.0,10.6,N,57.0,14:54,14.6,62.0,1,N,20.0,1014.5,21.6,37,1.0,NNW,37,1007.8
234,2021-08-23,1,6708.96,18:30:00,10.8,14.3,0.8,7.0,5.4,NW,50.0,0:12,11.2,67.0,3,WSW,11.0,1011.1,11.7,54,5.0,WSW,9,1012.2
235,2021-08-24,1,6717.65,19:00:00,6.4,13.1,10.4,4.0,6.2,S,39.0,9:38,10.8,53.0,7,SSE,17.0,1021.5,11.7,55,6.0,S,17,1021.6
236,2021-08-25,3,6736.8,19:00:00,8.0,14.1,2.2,1.2,5.4,S,37.0,16:26,12.1,73.0,3,SSE,15.0,1023.3,13.4,59,6.0,SSW,17,1021.8
237,2021-08-26,3,7126.76,19:00:00,5.5,12.9,1.2,2.4,1.0,SE,31.0,12:54,9.2,82.0,7, ,0.0,1022.7,12.2,55,7.0,SSE,13,1020.3
238,2021-08-27,2,6769.89,19:00:00,4.6,13.6,0.0,1.2,3.8,SSW,15.0,12:18,7.7,88.0,7, ,0.0,1020.0,12.8,65,7.0,SSE,7,1017.4
239,2021-08-28,1,5716.32,19:00:00,5.3,17.8,0.0,1.6,9.6,N,39.0,13:14,9.1,80.0,1,N,7.0,1018.6,17.4,31,3.0,NNW,24,1013.5
240,2021-08-29,3,6227.89,19:00:00,9.1,16.2,0.6,6.4,4.3,NNE,33.0,1:50,10.6,79.0,7,N,13.0,1011.4,12.8,84,7.0,S,6,1010.4
241,2021-08-30,1,6072.91,18:30:00,6.4,17.6,4.0,1.4,7.4,NNW,50.0,14:04,11.1,70.0,7,N,15.0,1016.1,16.8,45,1.0,NNW,28,1013.2
242,2021-08-31,1,5779.56,19:00:00,11.0,20.1,0.0,5.8,3.6,N,61.0,16:29,13.5,53.0,7,N,17.0,1017.7,19.4,43,6.0,N,30,1012.2
